{"count":1,"self":458.7885568,"total":1259.5587329999998,"children":{"AgentSendState":{"count":268617,"self":40.409344,"total":141.4536087,"children":{"CollectObservations":{"count":1719168,"self":66.3268928,"total":66.3268958,"children":null},"CollectDiscreteActionMasks":{"count":1719168,"self":3.32003,"total":3.32003,"children":null},"AgentInfo.ToProto":{"count":1719168,"self":12.337824,"total":31.3973396,"children":{"GenerateSensorData":{"count":1719168,"self":19.0595152,"total":19.059515599999997,"children":null}}}}},"DecideAction":{"count":268617,"self":637.4467584,"total":637.4467768,"children":null},"AgentAct":{"count":268617,"self":21.6946512,"total":21.6965275,"children":{"AgentInfo.ToProto":{"count":196,"self":0.001004,"total":0.0018769,"children":{"GenerateSensorData":{"count":196,"self":0.00087289999999999991,"total":0.00087289999999999991,"children":null}}}}},"AgentInfo.ToProto":{"count":5620,"self":0.0790922,"total":0.1712468,"children":{"GenerateSensorData":{"count":5620,"self":0.092154599999999989,"total":0.092154599999999989,"children":null}}}},"gauges":{"FeiBehaviorB.CumulativeReward":{"count":2908,"max":5.20080137,"min":-2.82693529,"runningAverage":0.487862021,"value":-0.853943944,"weightedAverage":0.165116042},"FeiBehaviorR.CumulativeReward":{"count":2908,"max":5.409208,"min":-4.72709656,"runningAverage":0.6236453,"value":1.231896,"weightedAverage":0.400478035}},"metadata":{"timer_format_version":"0.1.0","start_time_seconds":"1599963830","unity_version":"2019.4.1f1","command_line_arguments":"D:\\Program Files\\Unity\\2019.4.1f1\\Editor\\Unity.exe -projectpath G:\/Documents\/Unity Projects\/MLBall -useHub -hubIPC -cloudEnvironment production -hubSessionId d3458450-f562-11ea-a5ff-f3ca8463b51e","communication_protocol_version":"1.0.0","com.unity.ml-agents_version":"1.0.4","scene_name":"FeiSoccer1vs1","end_time_seconds":"1599965089"}}