{"count":1,"self":251.29216,"total":651.271839,"children":{"AgentSendState":{"count":78401,"self":19.161904,"total":65.038407499999991,"children":{"CollectObservations":{"count":501792,"self":28.858956799999998,"total":28.858957699999998,"children":null},"CollectDiscreteActionMasks":{"count":501792,"self":1.6150061999999998,"total":1.6150061999999998,"children":null},"AgentInfo.ToProto":{"count":501792,"self":5.7584968,"total":15.402538799999999,"children":{"GenerateSensorData":{"count":501792,"self":9.6440424,"total":9.6440421,"children":null}}}}},"DecideAction":{"count":78401,"self":324.3812608,"total":324.381265,"children":null},"AgentAct":{"count":78401,"self":10.532752,"total":10.5552988,"children":{"AgentInfo.ToProto":{"count":392,"self":0.0089938,"total":0.022546899999999998,"children":{"GenerateSensorData":{"count":392,"self":0.0135531,"total":0.0135531,"children":null}}}}},"AgentInfo.ToProto":{"count":84,"self":0.00099819999999999987,"total":0.0016847,"children":{"GenerateSensorData":{"count":84,"self":0.00068649999999999994,"total":0.00068649999999999994,"children":null}}}},"gauges":{"FeiBehavior.CumulativeReward":{"count":476,"max":3.53474164,"min":-3.86174631,"runningAverage":0.257821381,"value":0.44490397,"weightedAverage":0.379493952}},"metadata":{"timer_format_version":"0.1.0","start_time_seconds":"1599529826","unity_version":"2019.4.1f1","command_line_arguments":"D:\\Program Files\\Unity\\2019.4.1f1\\Editor\\Unity.exe -projectpath G:\/Documents\/Unity Projects\/MLBall -useHub -hubIPC -cloudEnvironment production -hubSessionId a117bfd0-f174-11ea-af74-cb72fbc06166 -accessToken _e3F8yE2XK5J5Q-_8pIldr-GMNuDskTmMjAwsUirlIY01ef","communication_protocol_version":"1.0.0","com.unity.ml-agents_version":"1.0.4","scene_name":"FeiSoccer1vs1","end_time_seconds":"1599530477"}}