{"count":1,"self":254.7948544,"total":735.27979529999993,"children":{"AgentSendState":{"count":191801,"self":23.0976496,"total":82.1740639,"children":{"CollectObservations":{"count":1227680,"self":39.0497344,"total":39.0497357,"children":null},"CollectDiscreteActionMasks":{"count":1227680,"self":1.9405808,"total":1.9405808,"children":null},"AgentInfo.ToProto":{"count":1227680,"self":6.9512431999999995,"total":18.0860971,"children":{"GenerateSensorData":{"count":1227680,"self":11.1348544,"total":11.134854299999999,"children":null}}}}},"DecideAction":{"count":191801,"self":385.9084544,"total":385.9084552,"children":null},"AgentAct":{"count":191801,"self":12.3334472,"total":12.3392482,"children":{"AgentInfo.ToProto":{"count":200,"self":0.0022114,"total":0.005801,"children":{"GenerateSensorData":{"count":200,"self":0.0035895999999999996,"total":0.0035895999999999996,"children":null}}}}},"AgentInfo.ToProto":{"count":2564,"self":0.029844799999999998,"total":0.062181,"children":{"GenerateSensorData":{"count":2564,"self":0.032336199999999996,"total":0.032336199999999996,"children":null}}}},"gauges":{"FeiBehavior.CumulativeReward":{"count":2764,"max":5.29596043,"min":-9.408358,"runningAverage":-0.942044735,"value":-0.113767423,"weightedAverage":-0.331168264}},"metadata":{"timer_format_version":"0.1.0","start_time_seconds":"1599720263","unity_version":"2019.4.1f1","command_line_arguments":"D:\\Program Files\\Unity\\2019.4.1f1\\Editor\\Unity.exe -projectpath G:\/Documents\/Unity Projects\/MLBall -useHub -hubIPC -cloudEnvironment production -hubSessionId 9dd07560-f327-11ea-9019-2712887f1fe7 -accessToken ioNE0zIIaAIFCfPUXghFTEK23RzzLbc4w8mdoZcDi8s01ef","communication_protocol_version":"1.0.0","com.unity.ml-agents_version":"1.0.4","scene_name":"FeiSoccer1vs1","end_time_seconds":"1599720998"}}