{"count":1,"self":374.7643392,"total":1156.3835397999999,"children":{"AgentSendState":{"count":322751,"self":41.2438752,"total":118.7019268,"children":{"CollectObservations":{"count":2065632,"self":42.618272,"total":42.6182708,"children":null},"CollectDiscreteActionMasks":{"count":2065632,"self":3.4373435999999997,"total":3.4373435,"children":null},"AgentInfo.ToProto":{"count":2065632,"self":12.699683199999999,"total":31.4024374,"children":{"GenerateSensorData":{"count":2065632,"self":18.702753599999998,"total":18.7027541,"children":null}}}}},"DecideAction":{"count":322751,"self":641.4307328,"total":641.4307403,"children":null},"AgentAct":{"count":322751,"self":21.438521599999998,"total":21.480535099999997,"children":{"AgentInfo.ToProto":{"count":1640,"self":0.019045299999999998,"total":0.0420142,"children":{"GenerateSensorData":{"count":1640,"self":0.0229689,"total":0.0229689,"children":null}}}}},"AgentInfo.ToProto":{"count":188,"self":0,"total":0.0029973,"children":{"GenerateSensorData":{"count":188,"self":0.0029973,"total":0.0029973,"children":null}}}},"gauges":{"FeiBehavior.CumulativeReward":{"count":1828,"max":1158.14722,"min":-503.058868,"runningAverage":148.477631,"value":24.4101543,"weightedAverage":61.69084}},"metadata":{"timer_format_version":"0.1.0","start_time_seconds":"1599616851","unity_version":"2019.4.1f1","command_line_arguments":"D:\\Program Files\\Unity\\2019.4.1f1\\Editor\\Unity.exe -projectpath G:\/Documents\/Unity Projects\/MLBall -useHub -hubIPC -cloudEnvironment production -hubSessionId a117bfd0-f174-11ea-af74-cb72fbc06166 -accessToken 0buaez_U8kN3eXw2d0OyHFD7ldWAuv5N6WtIah2Z8CA01ef","communication_protocol_version":"1.0.0","com.unity.ml-agents_version":"1.0.4","scene_name":"FeiSoccer1vs1","end_time_seconds":"1599618008"}}