{"count":1,"self":268.1456128,"total":891.0221871,"children":{"AgentSendState":{"count":205601,"self":30.5094112,"total":107.2534091,"children":{"CollectObservations":{"count":1315872,"self":50.9409536,"total":50.9409523,"children":null},"CollectDiscreteActionMasks":{"count":1315872,"self":2.3693464,"total":2.3693465,"children":null},"AgentInfo.ToProto":{"count":1315872,"self":9.3355871999999991,"total":23.4336992,"children":{"GenerateSensorData":{"count":1315872,"self":14.098111999999999,"total":14.0981122,"children":null}}}}},"DecideAction":{"count":205601,"self":500.69575679999997,"total":500.69577089999996,"children":null},"AgentAct":{"count":205601,"self":14.777382399999999,"total":14.783911699999999,"children":{"AgentInfo.ToProto":{"count":128,"self":0.0020272,"total":0.0065295,"children":{"GenerateSensorData":{"count":128,"self":0.0045023,"total":0.0045023,"children":null}}}}},"AgentInfo.ToProto":{"count":4588,"self":0.0691275,"total":0.14149319999999999,"children":{"GenerateSensorData":{"count":4588,"self":0.072365699999999991,"total":0.072365699999999991,"children":null}}}},"gauges":{"FeiBehaviorB.CumulativeReward":{"count":2358,"max":3.681749,"min":-3.31804085,"runningAverage":0.182315439,"value":2.468803,"weightedAverage":0.955348432},"FeiBehaviorR.CumulativeReward":{"count":2358,"max":5.83951235,"min":-6.683296,"runningAverage":0.4048684,"value":-0.405125767,"weightedAverage":0.957419157}},"metadata":{"timer_format_version":"0.1.0","start_time_seconds":"1599753186","unity_version":"2019.4.1f1","command_line_arguments":"D:\\Program Files\\Unity\\2019.4.1f1\\Editor\\Unity.exe -projectpath G:\/Documents\/Unity Projects\/MLBall -useHub -hubIPC -cloudEnvironment production -hubSessionId 9dd07560-f327-11ea-9019-2712887f1fe7 -accessToken ioNE0zIIaAIFCfPUXghFTEK23RzzLbc4w8mdoZcDi8s01ef","communication_protocol_version":"1.0.0","com.unity.ml-agents_version":"1.0.4","scene_name":"FeiSoccer1vs1","end_time_seconds":"1599754076"}}