{"count":1,"self":201.92238079999998,"total":601.9934339,"children":{"AgentSendState":{"count":156967,"self":19.334296,"total":66.78948179999999,"children":{"CollectObservations":{"count":1004608,"self":31.067244799999997,"total":31.0672449,"children":null},"CollectDiscreteActionMasks":{"count":1004608,"self":1.5352264,"total":1.5352264,"children":null},"AgentInfo.ToProto":{"count":1004608,"self":5.8308295999999995,"total":14.852714599999999,"children":{"GenerateSensorData":{"count":1004608,"self":9.0218847999999987,"total":9.0218849,"children":null}}}}},"DecideAction":{"count":156967,"self":321.59298559999996,"total":321.5929781,"children":null},"AgentAct":{"count":156967,"self":11.6471272,"total":11.6648313,"children":{"AgentInfo.ToProto":{"count":620,"self":0.0093399,"total":0.017703999999999998,"children":{"GenerateSensorData":{"count":620,"self":0.0083641,"total":0.0083641,"children":null}}}}},"AgentInfo.ToProto":{"count":580,"self":0.0057418,"total":0.0208104,"children":{"GenerateSensorData":{"count":580,"self":0.0150686,"total":0.0150686,"children":null}}}},"gauges":{"FeiBehavior.CumulativeReward":{"count":1200,"max":2.84871554,"min":-6.745213,"runningAverage":-1.87154579,"value":-1.35515535,"weightedAverage":-2.01032853}},"metadata":{"timer_format_version":"0.1.0","start_time_seconds":"1599744994","unity_version":"2019.4.1f1","command_line_arguments":"D:\\Program Files\\Unity\\2019.4.1f1\\Editor\\Unity.exe -projectpath G:\/Documents\/Unity Projects\/MLBall -useHub -hubIPC -cloudEnvironment production -hubSessionId 9dd07560-f327-11ea-9019-2712887f1fe7 -accessToken ioNE0zIIaAIFCfPUXghFTEK23RzzLbc4w8mdoZcDi8s01ef","communication_protocol_version":"1.0.0","com.unity.ml-agents_version":"1.0.4","scene_name":"FeiSoccer1vs1","end_time_seconds":"1599745596"}}