{"count":1,"self":92.7080512,"total":318.09148139999996,"children":{"AgentSendState":{"count":54034,"self":7.919668,"total":25.905927199999997,"children":{"CollectObservations":{"count":345824,"self":11.2254592,"total":11.225459599999999,"children":null},"CollectDiscreteActionMasks":{"count":345824,"self":0.6530131,"total":0.6530131,"children":null},"AgentInfo.ToProto":{"count":345824,"self":2.2654256,"total":6.1077866,"children":{"GenerateSensorData":{"count":345824,"self":3.8423608,"total":3.842361,"children":null}}}}},"DecideAction":{"count":54034,"self":195.0048128,"total":195.0048152,"children":null},"AgentAct":{"count":54034,"self":4.4617227999999995,"total":4.4706923,"children":{"AgentInfo.ToProto":{"count":284,"self":0.0049787,"total":0.0089696,"children":{"GenerateSensorData":{"count":284,"self":0.0039908999999999995,"total":0.0039908999999999995,"children":null}}}}},"AgentInfo.ToProto":{"count":12,"self":0,"total":0.00099669999999999989,"children":{"GenerateSensorData":{"count":12,"self":0.00099669999999999989,"total":0.00099669999999999989,"children":null}}}},"gauges":{"FeiBehavior.CumulativeReward":{"count":296,"max":1289.91943,"min":27.27203,"runningAverage":466.444855,"value":376.448456,"weightedAverage":387.768921}},"metadata":{"timer_format_version":"0.1.0","start_time_seconds":"1599574466","unity_version":"2019.4.1f1","command_line_arguments":"D:\\Program Files\\Unity\\2019.4.1f1\\Editor\\Unity.exe -projectpath G:\/Documents\/Unity Projects\/MLBall -useHub -hubIPC -cloudEnvironment production -hubSessionId a117bfd0-f174-11ea-af74-cb72fbc06166 -accessToken _e3F8yE2XK5J5Q-_8pIldr-GMNuDskTmMjAwsUirlIY01ef","communication_protocol_version":"1.0.0","com.unity.ml-agents_version":"1.0.4","scene_name":"FeiSoccer1vs1","end_time_seconds":"1599574784"}}