{"count":1,"self":2873.5553535999998,"total":6480.1055768,"children":{"AgentSendState":{"count":1471767,"self":188.10428159999998,"total":639.20215969999992,"children":{"CollectObservations":{"count":9419328,"self":290.60725759999997,"total":290.6072508,"children":null},"CollectDiscreteActionMasks":{"count":9419328,"self":14.9641328,"total":14.9641334,"children":null},"AgentInfo.ToProto":{"count":9419328,"self":55.9533504,"total":145.5264962,"children":{"GenerateSensorData":{"count":9419328,"self":89.573145599999989,"total":89.573146799999989,"children":null}}}}},"DecideAction":{"count":1471767,"self":2869.1136512,"total":2869.1135712,"children":null},"AgentAct":{"count":1471767,"self":97.965408,"total":98.125187799999992,"children":{"AgentInfo.ToProto":{"count":6348,"self":0.0782821,"total":0.1597804,"children":{"GenerateSensorData":{"count":6348,"self":0.0814983,"total":0.0814983,"children":null}}}}},"AgentInfo.ToProto":{"count":5316,"self":0.0500774,"total":0.1073035,"children":{"GenerateSensorData":{"count":5316,"self":0.057226099999999995,"total":0.057226099999999995,"children":null}}}},"gauges":{"FeiBehavior.CumulativeReward":{"count":11664,"max":5.68540144,"min":-20.87313,"runningAverage":-2.74874067,"value":-0.32079953,"weightedAverage":-0.342132628}},"metadata":{"timer_format_version":"0.1.0","start_time_seconds":"1599627085","unity_version":"2019.4.1f1","command_line_arguments":"D:\\Program Files\\Unity\\2019.4.1f1\\Editor\\Unity.exe -projectpath G:\/Documents\/Unity Projects\/MLBall -useHub -hubIPC -cloudEnvironment production -hubSessionId a117bfd0-f174-11ea-af74-cb72fbc06166 -accessToken IEtOaBppGjVTG4aZSxWURtYPDBnakEBpSiCNJXnVREI01ef","communication_protocol_version":"1.0.0","com.unity.ml-agents_version":"1.0.4","scene_name":"FeiSoccer1vs1","end_time_seconds":"1599633565"}}