{"count":1,"self":223.1105536,"total":507.3238316,"children":{"AgentSendState":{"count":117934,"self":14.1563936,"total":49.487473699999995,"children":{"CollectObservations":{"count":754880,"self":23.0211616,"total":23.0211614,"children":null},"CollectDiscreteActionMasks":{"count":754880,"self":1.1905345999999999,"total":1.1905345999999999,"children":null},"AgentInfo.ToProto":{"count":754880,"self":4.33636,"total":11.1193849,"children":{"GenerateSensorData":{"count":754880,"self":6.7830248,"total":6.7830249999999994,"children":null}}}}},"DecideAction":{"count":117934,"self":226.5654528,"total":226.56546269999998,"children":null},"AgentAct":{"count":117934,"self":8.1164816,"total":8.1232808,"children":{"AgentInfo.ToProto":{"count":288,"self":0.0030854,"total":0.0067989,"children":{"GenerateSensorData":{"count":288,"self":0.0037135,"total":0.0037135,"children":null}}}}},"AgentInfo.ToProto":{"count":1100,"self":0.013888999999999999,"total":0.036061499999999996,"children":{"GenerateSensorData":{"count":1100,"self":0.022172499999999998,"total":0.022172499999999998,"children":null}}}},"gauges":{"FeiBehavior.CumulativeReward":{"count":1388,"max":1.244,"min":-3.91799974,"runningAverage":-0.09470175,"value":0,"weightedAverage":-0.123861015}},"metadata":{"timer_format_version":"0.1.0","start_time_seconds":"1599726482","unity_version":"2019.4.1f1","command_line_arguments":"D:\\Program Files\\Unity\\2019.4.1f1\\Editor\\Unity.exe -projectpath G:\/Documents\/Unity Projects\/MLBall -useHub -hubIPC -cloudEnvironment production -hubSessionId 9dd07560-f327-11ea-9019-2712887f1fe7 -accessToken ioNE0zIIaAIFCfPUXghFTEK23RzzLbc4w8mdoZcDi8s01ef","communication_protocol_version":"1.0.0","com.unity.ml-agents_version":"1.0.4","scene_name":"FeiSoccer1vs1","end_time_seconds":"1599726989"}}