{"count":1,"self":81.4337536,"total":81.5706415,"children":{"AgentSendState":{"count":3944,"self":0.045564799999999996,"total":0.0776625,"children":{"CollectObservations":{"count":789,"self":0.0311018,"total":0.0311018,"children":null},"CollectDiscreteActionMasks":{"count":789,"self":0.00099589999999999987,"total":0.00099589999999999987,"children":null}}},"DecideAction":{"count":3944,"self":0.015799399999999998,"total":0.015799399999999998,"children":null},"AgentAct":{"count":3944,"self":0.042428299999999995,"total":0.042428299999999995,"children":null}},"gauges":{},"metadata":{"timer_format_version":"0.1.0","start_time_seconds":"1599206851","unity_version":"2019.4.1f1","command_line_arguments":"X:\\Unity\\2019.4.1f1\\Editor\\Unity.exe -projectpath X:\/Unity\/projects\/MLBall -useHub -hubIPC -cloudEnvironment production -hubSessionId 4933b780-ee4d-11ea-8e6f-b79e423cb24a -accessToken c8FF-1vA02pjqyphJa3quvD13C6reuqr3kaXeR6WHDs00bf","communication_protocol_version":"1.0.0","com.unity.ml-agents_version":"1.0.4","scene_name":"Soccer1vs1","end_time_seconds":"1599206933"}}