{"count":1,"self":235.1237888,"total":235.4938139,"children":{"AgentSendState":{"count":11529,"self":0.1025611,"total":0.1866125,"children":{"CollectObservations":{"count":2306,"self":0.081065299999999993,"total":0.081065299999999993,"children":null},"CollectDiscreteActionMasks":{"count":2306,"self":0.0029860999999999998,"total":0.0029860999999999998,"children":null}}},"DecideAction":{"count":11529,"self":0.073230099999999992,"total":0.073230099999999992,"children":null},"AgentAct":{"count":11529,"self":0.11019029999999999,"total":0.11019029999999999,"children":null}},"gauges":{},"metadata":{"timer_format_version":"0.1.0","start_time_seconds":"1599403722","unity_version":"2019.4.1f1","command_line_arguments":"D:\\Program Files\\Unity\\2019.4.1f1\\Editor\\Unity.exe -projectpath G:\/Documents\/Unity Projects\/MLBall -useHub -hubIPC -cloudEnvironment production -hubSessionId 76acbd50-eea8-11ea-9292-b5127a8079e8","communication_protocol_version":"1.0.0","com.unity.ml-agents_version":"1.0.4","scene_name":"Soccer1vs1","end_time_seconds":"1599403958"}}