{"count":1,"self":112.82053119999999,"total":439.51897299999996,"children":{"AgentSendState":{"count":89767,"self":25.390707199999998,"total":79.662802,"children":{"CollectObservations":{"count":1005424,"self":26.5805184,"total":26.580517999999998,"children":null},"CollectDiscreteActionMasks":{"count":1005424,"self":4.7523919999999995,"total":4.7523919999999995,"children":null},"AgentInfo.ToProto":{"count":1005424,"self":11.584335999999999,"total":22.939183999999997,"children":{"GenerateSensorData":{"count":1005424,"self":11.354847999999999,"total":11.354847999999999,"children":null}}}}},"DecideAction":{"count":89767,"self":240.30312959999998,"total":240.303122,"children":null},"AgentAct":{"count":89767,"self":6.7080351999999994,"total":6.729811,"children":{"AgentInfo.ToProto":{"count":896,"self":0.011611999999999999,"total":0.021776,"children":{"GenerateSensorData":{"count":896,"self":0.010164,"total":0.010164,"children":null}}}}},"AgentInfo.ToProto":{"count":32,"self":0.000446,"total":0.00084899999999999993,"children":{"GenerateSensorData":{"count":32,"self":0.000403,"total":0.000403,"children":null}}}},"gauges":{"ZhenPlayerTest.CumulativeReward":{"count":928,"max":5.2955,"min":-138.601624,"runningAverage":-5.0078454,"value":-22.70005,"weightedAverage":-8.708474}},"metadata":{"timer_format_version":"0.1.0","start_time_seconds":"1599576632","unity_version":"2019.4.1f1","command_line_arguments":"\/Applications\/Unity\/Hub\/Editor\/2019.4.1f1\/Unity.app\/Contents\/MacOS\/Unity -projectpath \/Users\/jasonwu\/Workspace\/Dev\/Unity\/MLBall -useHub -hubIPC -cloudEnvironment production -hubSessionId 1fb51080-f1c6-11ea-88bc-93d6e22adfa0 -accessToken 9eSscO9ix7N_usm2JonRtCe5RXiQGkjsDdgDjjks6ZY01ef","communication_protocol_version":"1.0.0","com.unity.ml-agents_version":"1.0.4","scene_name":"Soccer2vs2_wzz","end_time_seconds":"1599577071"}}