{"count":1,"self":3519.817728,"total":8756.952119,"children":{"AgentSendState":{"count":3140234,"self":315.6866048,"total":1055.993323,"children":{"CollectObservations":{"count":10049376,"self":439.04107519999997,"total":439.041067,"children":null},"CollectDiscreteActionMasks":{"count":10049376,"self":53.453599999999994,"total":53.453599,"children":null},"AgentInfo.ToProto":{"count":10049376,"self":130.28872959999998,"total":247.812064,"children":{"GenerateSensorData":{"count":10049376,"self":117.52332799999999,"total":117.52333,"children":null}}}}},"DecideAction":{"count":3140234,"self":4051.89632,"total":4051.8963519999998,"children":null},"AgentAct":{"count":3140234,"self":128.85216,"total":129.087561,"children":{"AgentInfo.ToProto":{"count":6766,"self":0.11531799999999999,"total":0.23540699999999998,"children":{"GenerateSensorData":{"count":6766,"self":0.120089,"total":0.120089,"children":null}}}}},"AgentInfo.ToProto":{"count":4041,"self":0.081334999999999991,"total":0.155646,"children":{"GenerateSensorData":{"count":4041,"self":0.074311,"total":0.074311,"children":null}}}},"gauges":{"ZhenPlayerTest.CumulativeReward":{"count":10807,"max":1.797655,"min":-9.001811,"runningAverage":-0.5872707,"value":-2.65107512,"weightedAverage":-0.7202064}},"metadata":{"timer_format_version":"0.1.0","start_time_seconds":"1599897943","unity_version":"2019.4.1f1","command_line_arguments":"\/Applications\/Unity\/Hub\/Editor\/2019.4.1f1\/Unity.app\/Contents\/MacOS\/Unity -projectpath \/Users\/jasonwu\/Workspace\/Dev\/Unity\/MLBall -useHub -hubIPC -cloudEnvironment production -hubSessionId 7a268c40-f402-11ea-9fbf-9fae060c8b1f -accessToken O82bGKmUyIfUu-smM5qHbPwJQdE6rlFgLnmtvNsXD9w01ef","communication_protocol_version":"1.0.0","com.unity.ml-agents_version":"1.0.4","scene_name":"Step2","end_time_seconds":"1599906699"}}