{"count":1,"self":3011.7433343999996,"total":8043.6210599999995,"children":{"AgentSendState":{"count":3139784,"self":304.739968,"total":1014.2688059999999,"children":{"CollectObservations":{"count":10047936,"self":418.4693504,"total":418.469362,"children":null},"CollectDiscreteActionMasks":{"count":10047936,"self":51.734281599999996,"total":51.734283,"children":null},"AgentInfo.ToProto":{"count":10047936,"self":125.8052864,"total":239.32518499999998,"children":{"GenerateSensorData":{"count":10047936,"self":113.5198976,"total":113.519893,"children":null}}}}},"DecideAction":{"count":3139784,"self":3908.7407104,"total":3908.7408379999997,"children":null},"AgentAct":{"count":3139784,"self":108.456704,"total":108.6154,"children":{"AgentInfo.ToProto":{"count":4962,"self":0.081473999999999991,"total":0.15869899999999998,"children":{"GenerateSensorData":{"count":4962,"self":0.077225,"total":0.077225,"children":null}}}}},"AgentInfo.ToProto":{"count":6917,"self":0.133375,"total":0.250815,"children":{"GenerateSensorData":{"count":6917,"self":0.11743999999999999,"total":0.11743999999999999,"children":null}}}},"gauges":{"ZhenPlayerTest.CumulativeReward":{"count":11879,"max":5.40278,"min":-7.83196545,"runningAverage":1.8557924,"value":3.04124045,"weightedAverage":2.89140439}},"metadata":{"timer_format_version":"0.1.0","start_time_seconds":"1599886437","unity_version":"2019.4.1f1","command_line_arguments":"\/Applications\/Unity\/Hub\/Editor\/2019.4.1f1\/Unity.app\/Contents\/MacOS\/Unity -projectpath \/Users\/jasonwu\/Workspace\/Dev\/Unity\/MLBall -useHub -hubIPC -cloudEnvironment production -hubSessionId 7a268c40-f402-11ea-9fbf-9fae060c8b1f -accessToken O82bGKmUyIfUu-smM5qHbPwJQdE6rlFgLnmtvNsXD9w01ef","communication_protocol_version":"1.0.0","com.unity.ml-agents_version":"1.0.4","scene_name":"Step1_1","end_time_seconds":"1599894480"}}